Origine,Destination,Flux Dom-Dom
01 - Ain,21 - C̫te-d'Or,233
01 - Ain,26 - Dr̫me,368
01 - Ain,34 - H̩rault,222
01 - Ain,38 - Is̬re,1378
01 - Ain,39 - Jura,651
01 - Ain,42 - Loire,330
01 - Ain,69 - Rh̫ne,5584
01 - Ain,71 - Sa̫ne-et-Loire,1225
01 - Ain,73 - Savoie,695
01 - Ain,74 - Haute-Savoie,1600
01 - Ain,75 - Paris,213
01 - Ain,83 - Var,338
02 - Aisne,08 - Ardennes,467
02 - Aisne,51 - Marne,2055
02 - Aisne,59 - Nord,1705
02 - Aisne,60 - Oise,986
02 - Aisne,62 - Pas-de-Calais,387
02 - Aisne,75 - Paris,415
02 - Aisne,76 - Seine-Maritime,233
02 - Aisne,77 - Seine-et-Marne,635
02 - Aisne,80 - Somme,1187
03 - Allier,18 - Cher,367
03 - Allier,23 - Creuse,238
03 - Allier,42 - Loire,289
03 - Allier,58 - Ni̬vre,297
03 - Allier,63 - Puy-de-D̫me,2574
03 - Allier,69 - Rh̫ne,325
03 - Allier,71 - Sa̫ne-et-Loire,410
04 - Alpes-de-Haute-Provence,05 - Hautes-Alpes,496
04 - Alpes-de-Haute-Provence,06 - Alpes-Maritimes,255
04 - Alpes-de-Haute-Provence,13 - Bouches-du-Rh̫ne,1142
04 - Alpes-de-Haute-Provence,34 - H̩rault,222
04 - Alpes-de-Haute-Provence,83 - Var,513
04 - Alpes-de-Haute-Provence,84 - Vaucluse,366
05 - Hautes-Alpes,04 - Alpes-de-Haute-Provence,411
05 - Hautes-Alpes,13 - Bouches-du-Rh̫ne,769
05 - Hautes-Alpes,38 - Is̬re,322
05 - Hautes-Alpes,83 - Var,204
06 - Alpes-Maritimes,04 - Alpes-de-Haute-Provence,742
06 - Alpes-Maritimes,13 - Bouches-du-Rh̫ne,1579
06 - Alpes-Maritimes,24 - Dordogne,214
06 - Alpes-Maritimes,29 - Finist̬re,229
06 - Alpes-Maritimes,2A - Corse-du-Sud,235
06 - Alpes-Maritimes,2B - Haute-Corse,337
06 - Alpes-Maritimes,30 - Gard,292
06 - Alpes-Maritimes,31 - Haute-Garonne,659
06 - Alpes-Maritimes,33 - Gironde,544
06 - Alpes-Maritimes,34 - H̩rault,813
06 - Alpes-Maritimes,35 - Ille-et-Vilaine,259
06 - Alpes-Maritimes,38 - Is̬re,398
06 - Alpes-Maritimes,42 - Loire,220
06 - Alpes-Maritimes,44 - Loire-Atlantique,333
06 - Alpes-Maritimes,57 - Moselle,274
06 - Alpes-Maritimes,59 - Nord,479
06 - Alpes-Maritimes,67 - Bas-Rhin,285
06 - Alpes-Maritimes,69 - Rh̫ne,921
06 - Alpes-Maritimes,74 - Haute-Savoie,393
06 - Alpes-Maritimes,75 - Paris,1604
06 - Alpes-Maritimes,76 - Seine-Maritime,252
06 - Alpes-Maritimes,77 - Seine-et-Marne,226
06 - Alpes-Maritimes,78 - Yvelines,347
06 - Alpes-Maritimes,83 - Var,3159
06 - Alpes-Maritimes,84 - Vaucluse,416
06 - Alpes-Maritimes,92 - Hauts-de-Seine,657
06 - Alpes-Maritimes,93 - Seine-Saint-Denis,262
06 - Alpes-Maritimes,94 - Val-de-Marne,288
07 - Ard̬che,13 - Bouches-du-Rh̫ne,291
07 - Ard̬che,26 - Dr̫me,3036
07 - Ard̬che,30 - Gard,522
07 - Ard̬che,34 - H̩rault,398
07 - Ard̬che,38 - Is̬re,741
07 - Ard̬che,42 - Loire,359
07 - Ard̬che,43 - Haute-Loire,216
07 - Ard̬che,69 - Rh̫ne,869
07 - Ard̬che,84 - Vaucluse,266
08 - Ardennes,02 - Aisne,297
08 - Ardennes,51 - Marne,2199
08 - Ardennes,59 - Nord,316
09 - Ari̬ge,11 - Aude,342
09 - Ari̬ge,31 - Haute-Garonne,1819
10 - Aube,21 - C̫te-d'Or,372
10 - Aube,51 - Marne,925
10 - Aube,52 - Haute-Marne,243
10 - Aube,75 - Paris,294
10 - Aube,77 - Seine-et-Marne,372
10 - Aube,89 - Yonne,512
11 - Aude,09 - Ari̬ge,427
11 - Aude,13 - Bouches-du-Rh̫ne,313
11 - Aude,30 - Gard,270
11 - Aude,31 - Haute-Garonne,1770
11 - Aude,34 - H̩rault,1745
11 - Aude,66 - Pyr̩n̩es-Orientales,838
11 - Aude,68 - Haut-Rhin,229
11 - Aude,81 - Tarn,331
12 - Aveyron,15 - Cantal,200
12 - Aveyron,31 - Haute-Garonne,1178
12 - Aveyron,34 - H̩rault,503
12 - Aveyron,46 - Lot,440
12 - Aveyron,48 - Loz̬re,239
12 - Aveyron,81 - Tarn,685
12 - Aveyron,82 - Tarn-et-Garonne,210
13 - Bouches-du-Rh̫ne,01 - Ain,392
13 - Bouches-du-Rh̫ne,03 - Allier,206
13 - Bouches-du-Rh̫ne,04 - Alpes-de-Haute-Provence,1735
13 - Bouches-du-Rh̫ne,05 - Hautes-Alpes,953
13 - Bouches-du-Rh̫ne,06 - Alpes-Maritimes,1608
13 - Bouches-du-Rh̫ne,07 - Ard̬che,589
13 - Bouches-du-Rh̫ne,11 - Aude,414
13 - Bouches-du-Rh̫ne,12 - Aveyron,288
13 - Bouches-du-Rh̫ne,21 - C̫te-d'Or,202
13 - Bouches-du-Rh̫ne,26 - Dr̫me,784
13 - Bouches-du-Rh̫ne,29 - Finist̬re,341
13 - Bouches-du-Rh̫ne,2A - Corse-du-Sud,343
13 - Bouches-du-Rh̫ne,2B - Haute-Corse,633
13 - Bouches-du-Rh̫ne,30 - Gard,2433
13 - Bouches-du-Rh̫ne,31 - Haute-Garonne,1240
13 - Bouches-du-Rh̫ne,33 - Gironde,871
13 - Bouches-du-Rh̫ne,34 - H̩rault,1928
13 - Bouches-du-Rh̫ne,35 - Ille-et-Vilaine,355
13 - Bouches-du-Rh̫ne,38 - Is̬re,967
13 - Bouches-du-Rh̫ne,40 - Landes,243
13 - Bouches-du-Rh̫ne,42 - Loire,386
13 - Bouches-du-Rh̫ne,44 - Loire-Atlantique,548
13 - Bouches-du-Rh̫ne,45 - Loiret,252
13 - Bouches-du-Rh̫ne,47 - Lot-et-Garonne,209
13 - Bouches-du-Rh̫ne,54 - Meurthe-et-Moselle,227
13 - Bouches-du-Rh̫ne,56 - Morbihan,240
13 - Bouches-du-Rh̫ne,57 - Moselle,225
13 - Bouches-du-Rh̫ne,59 - Nord,643
13 - Bouches-du-Rh̫ne,63 - Puy-de-D̫me,495
13 - Bouches-du-Rh̫ne,64 - Pyr̩n̩es-Atlantiques,278
13 - Bouches-du-Rh̫ne,66 - Pyr̩n̩es-Orientales,513
13 - Bouches-du-Rh̫ne,67 - Bas-Rhin,376
13 - Bouches-du-Rh̫ne,69 - Rh̫ne,1851
13 - Bouches-du-Rh̫ne,71 - Sa̫ne-et-Loire,320
13 - Bouches-du-Rh̫ne,73 - Savoie,304
13 - Bouches-du-Rh̫ne,74 - Haute-Savoie,630
13 - Bouches-du-Rh̫ne,75 - Paris,2261
13 - Bouches-du-Rh̫ne,76 - Seine-Maritime,369
13 - Bouches-du-Rh̫ne,77 - Seine-et-Marne,413
13 - Bouches-du-Rh̫ne,78 - Yvelines,491
13 - Bouches-du-Rh̫ne,81 - Tarn,221
13 - Bouches-du-Rh̫ne,83 - Var,5916
13 - Bouches-du-Rh̫ne,84 - Vaucluse,4460
13 - Bouches-du-Rh̫ne,91 - Essonne,311
13 - Bouches-du-Rh̫ne,92 - Hauts-de-Seine,893
13 - Bouches-du-Rh̫ne,93 - Seine-Saint-Denis,486
13 - Bouches-du-Rh̫ne,94 - Val-de-Marne,550
13 - Bouches-du-Rh̫ne,95 - Val-d'Oise,281
13 - Bouches-du-Rh̫ne,972 - Martinique,221
13 - Bouches-du-Rh̫ne,974 - La R̩union,394
14 - Calvados,22 - C̫tes-d'Armor,234
14 - Calvados,27 - Eure,1123
14 - Calvados,29 - Finist̬re,203
14 - Calvados,31 - Haute-Garonne,242
14 - Calvados,33 - Gironde,265
14 - Calvados,35 - Ille-et-Vilaine,817
14 - Calvados,44 - Loire-Atlantique,553
14 - Calvados,49 - Maine-et-Loire,277
14 - Calvados,50 - Manche,2701
14 - Calvados,59 - Nord,232
14 - Calvados,61 - Orne,1707
14 - Calvados,69 - Rh̫ne,301
14 - Calvados,72 - Sarthe,330
14 - Calvados,75 - Paris,831
14 - Calvados,76 - Seine-Maritime,1299
14 - Calvados,77 - Seine-et-Marne,201
14 - Calvados,78 - Yvelines,260
14 - Calvados,91 - Essonne,217
14 - Calvados,92 - Hauts-de-Seine,459
14 - Calvados,93 - Seine-Saint-Denis,205
14 - Calvados,94 - Val-de-Marne,234
15 - Cantal,12 - Aveyron,278
15 - Cantal,19 - Corr̬ze,255
15 - Cantal,31 - Haute-Garonne,228
15 - Cantal,63 - Puy-de-D̫me,746
16 - Charente,17 - Charente-Maritime,1600
16 - Charente,24 - Dordogne,346
16 - Charente,31 - Haute-Garonne,270
16 - Charente,33 - Gironde,999
16 - Charente,75 - Paris,212
16 - Charente,79 - Deux-S̬vres,357
16 - Charente,86 - Vienne,898
16 - Charente,87 - Haute-Vienne,488
17 - Charente-Maritime,16 - Charente,1508
17 - Charente-Maritime,24 - Dordogne,335
17 - Charente-Maritime,29 - Finist̬re,231
17 - Charente-Maritime,31 - Haute-Garonne,424
17 - Charente-Maritime,33 - Gironde,1975
17 - Charente-Maritime,37 - Indre-et-Loire,236
17 - Charente-Maritime,40 - Landes,232
17 - Charente-Maritime,44 - Loire-Atlantique,571
17 - Charente-Maritime,49 - Maine-et-Loire,298
17 - Charente-Maritime,64 - Pyr̩n̩es-Atlantiques,337
17 - Charente-Maritime,75 - Paris,335
17 - Charente-Maritime,77 - Seine-et-Marne,247
17 - Charente-Maritime,79 - Deux-S̬vres,1255
17 - Charente-Maritime,85 - Vend̩e,971
17 - Charente-Maritime,86 - Vienne,1085
17 - Charente-Maritime,92 - Hauts-de-Seine,265
18 - Cher,03 - Allier,338
18 - Cher,36 - Indre,555
18 - Cher,37 - Indre-et-Loire,626
18 - Cher,41 - Loir-et-Cher,416
18 - Cher,45 - Loiret,1006
18 - Cher,58 - Ni̬vre,597
18 - Cher,63 - Puy-de-D̫me,420
18 - Cher,75 - Paris,205
19 - Corr̬ze,15 - Cantal,234
19 - Corr̬ze,23 - Creuse,218
19 - Corr̬ze,24 - Dordogne,487
19 - Corr̬ze,31 - Haute-Garonne,341
19 - Corr̬ze,33 - Gironde,360
19 - Corr̬ze,46 - Lot,472
19 - Corr̬ze,63 - Puy-de-D̫me,337
19 - Corr̬ze,87 - Haute-Vienne,1010
21 - C̫te-d'Or,10 - Aube,289
21 - C̫te-d'Or,13 - Bouches-du-Rh̫ne,289
21 - C̫te-d'Or,25 - Doubs,639
21 - C̫te-d'Or,31 - Haute-Garonne,203
21 - C̫te-d'Or,33 - Gironde,368
21 - C̫te-d'Or,34 - H̩rault,204
21 - C̫te-d'Or,38 - Is̬re,254
21 - C̫te-d'Or,39 - Jura,861
21 - C̫te-d'Or,51 - Marne,244
21 - C̫te-d'Or,52 - Haute-Marne,289
21 - C̫te-d'Or,58 - Ni̬vre,325
21 - C̫te-d'Or,59 - Nord,309
21 - C̫te-d'Or,67 - Bas-Rhin,339
21 - C̫te-d'Or,69 - Rh̫ne,1079
21 - C̫te-d'Or,70 - Haute-Sa̫ne,282
21 - C̫te-d'Or,71 - Sa̫ne-et-Loire,2093
21 - C̫te-d'Or,74 - Haute-Savoie,293
21 - C̫te-d'Or,75 - Paris,623
21 - C̫te-d'Or,78 - Yvelines,202
21 - C̫te-d'Or,89 - Yonne,779
21 - C̫te-d'Or,92 - Hauts-de-Seine,213
22 - C̫tes-d'Armor,29 - Finist̬re,2114
22 - C̫tes-d'Armor,35 - Ille-et-Vilaine,4328
22 - C̫tes-d'Armor,44 - Loire-Atlantique,646
22 - C̫tes-d'Armor,56 - Morbihan,1390
22 - C̫tes-d'Armor,75 - Paris,302
23 - Creuse,03 - Allier,267
23 - Creuse,63 - Puy-de-D̫me,200
23 - Creuse,87 - Haute-Vienne,786
24 - Dordogne,16 - Charente,519
24 - Dordogne,17 - Charente-Maritime,312
24 - Dordogne,19 - Corr̬ze,536
24 - Dordogne,31 - Haute-Garonne,364
24 - Dordogne,33 - Gironde,2641
24 - Dordogne,40 - Landes,324
24 - Dordogne,46 - Lot,315
24 - Dordogne,47 - Lot-et-Garonne,522
24 - Dordogne,64 - Pyr̩n̩es-Atlantiques,223
24 - Dordogne,75 - Paris,360
24 - Dordogne,87 - Haute-Vienne,635
25 - Doubs,01 - Ain,285
25 - Doubs,13 - Bouches-du-Rh̫ne,253
25 - Doubs,21 - C̫te-d'Or,862
25 - Doubs,33 - Gironde,250
25 - Doubs,38 - Is̬re,259
25 - Doubs,39 - Jura,1652
25 - Doubs,54 - Meurthe-et-Moselle,215
25 - Doubs,67 - Bas-Rhin,389
25 - Doubs,68 - Haut-Rhin,483
25 - Doubs,69 - Rh̫ne,666
25 - Doubs,70 - Haute-Sa̫ne,2110
25 - Doubs,71 - Sa̫ne-et-Loire,221
25 - Doubs,74 - Haute-Savoie,381
25 - Doubs,75 - Paris,320
25 - Doubs,90 - Territoire de Belfort,1418
26 - Dr̫me,07 - Ard̬che,3343
26 - Dr̫me,13 - Bouches-du-Rh̫ne,644
26 - Dr̫me,30 - Gard,385
26 - Dr̫me,34 - H̩rault,550
26 - Dr̫me,38 - Is̬re,2209
26 - Dr̫me,42 - Loire,328
26 - Dr̫me,69 - Rh̫ne,1683
26 - Dr̫me,74 - Haute-Savoie,294
26 - Dr̫me,75 - Paris,219
26 - Dr̫me,83 - Var,225
26 - Dr̫me,84 - Vaucluse,1188
26 - Dr̫me,92 - Hauts-de-Seine,256
27 - Eure,14 - Calvados,1388
27 - Eure,22 - C̫tes-d'Armor,208
27 - Eure,28 - Eure-et-Loir,636
27 - Eure,29 - Finist̬re,318
27 - Eure,33 - Gironde,305
27 - Eure,35 - Ille-et-Vilaine,217
27 - Eure,50 - Manche,281
27 - Eure,59 - Nord,238
27 - Eure,60 - Oise,555
27 - Eure,61 - Orne,560
27 - Eure,75 - Paris,371
27 - Eure,76 - Seine-Maritime,5839
27 - Eure,77 - Seine-et-Marne,223
27 - Eure,78 - Yvelines,847
27 - Eure,85 - Vend̩e,238
27 - Eure,92 - Hauts-de-Seine,369
27 - Eure,94 - Val-de-Marne,224
27 - Eure,95 - Val-d'Oise,607
28 - Eure-et-Loir,14 - Calvados,224
28 - Eure-et-Loir,17 - Charente-Maritime,210
28 - Eure-et-Loir,27 - Eure,945
28 - Eure-et-Loir,33 - Gironde,290
28 - Eure-et-Loir,35 - Ille-et-Vilaine,208
28 - Eure-et-Loir,37 - Indre-et-Loire,690
28 - Eure-et-Loir,41 - Loir-et-Cher,551
28 - Eure-et-Loir,44 - Loire-Atlantique,319
28 - Eure-et-Loir,45 - Loiret,1055
28 - Eure-et-Loir,61 - Orne,538
28 - Eure-et-Loir,72 - Sarthe,502
28 - Eure-et-Loir,75 - Paris,611
28 - Eure-et-Loir,76 - Seine-Maritime,276
28 - Eure-et-Loir,78 - Yvelines,1461
28 - Eure-et-Loir,91 - Essonne,448
28 - Eure-et-Loir,92 - Hauts-de-Seine,264
29 - Finist̬re,13 - Bouches-du-Rh̫ne,271
29 - Finist̬re,14 - Calvados,258
29 - Finist̬re,17 - Charente-Maritime,313
29 - Finist̬re,22 - C̫tes-d'Armor,1820
29 - Finist̬re,31 - Haute-Garonne,254
29 - Finist̬re,33 - Gironde,398
29 - Finist̬re,34 - H̩rault,237
29 - Finist̬re,35 - Ille-et-Vilaine,2392
29 - Finist̬re,38 - Is̬re,223
29 - Finist̬re,44 - Loire-Atlantique,1287
29 - Finist̬re,49 - Maine-et-Loire,454
29 - Finist̬re,50 - Manche,235
29 - Finist̬re,56 - Morbihan,2635
29 - Finist̬re,59 - Nord,252
29 - Finist̬re,69 - Rh̫ne,291
29 - Finist̬re,75 - Paris,613
29 - Finist̬re,76 - Seine-Maritime,225
29 - Finist̬re,78 - Yvelines,271
29 - Finist̬re,83 - Var,568
29 - Finist̬re,91 - Essonne,274
29 - Finist̬re,92 - Hauts-de-Seine,339
29 - Finist̬re,94 - Val-de-Marne,226
29 - Finist̬re,972 - Martinique,205
2A - Corse-du-Sud,13 - Bouches-du-Rh̫ne,247
2A - Corse-du-Sud,2B - Haute-Corse,839
2B - Haute-Corse,13 - Bouches-du-Rh̫ne,296
2B - Haute-Corse,2A - Corse-du-Sud,421
30 - Gard,06 - Alpes-Maritimes,278
30 - Gard,07 - Ard̬che,570
30 - Gard,11 - Aude,288
30 - Gard,12 - Aveyron,245
30 - Gard,13 - Bouches-du-Rh̫ne,2114
30 - Gard,26 - Dr̫me,441
30 - Gard,31 - Haute-Garonne,509
30 - Gard,33 - Gironde,298
30 - Gard,34 - H̩rault,4652
30 - Gard,38 - Is̬re,324
30 - Gard,42 - Loire,223
30 - Gard,48 - Loz̬re,441
30 - Gard,59 - Nord,210
30 - Gard,66 - Pyr̩n̩es-Orientales,342
30 - Gard,69 - Rh̫ne,529
30 - Gard,74 - Haute-Savoie,245
30 - Gard,75 - Paris,532
30 - Gard,83 - Var,515
30 - Gard,84 - Vaucluse,1921
31 - Haute-Garonne,06 - Alpes-Maritimes,448
31 - Haute-Garonne,09 - Ari̬ge,1780
31 - Haute-Garonne,11 - Aude,1768
31 - Haute-Garonne,12 - Aveyron,775
31 - Haute-Garonne,13 - Bouches-du-Rh̫ne,1204
31 - Haute-Garonne,17 - Charente-Maritime,407
31 - Haute-Garonne,19 - Corr̬ze,274
31 - Haute-Garonne,24 - Dordogne,291
31 - Haute-Garonne,29 - Finist̬re,205
31 - Haute-Garonne,30 - Gard,393
31 - Haute-Garonne,32 - Gers,2239
31 - Haute-Garonne,33 - Gironde,1804
31 - Haute-Garonne,34 - H̩rault,1414
31 - Haute-Garonne,35 - Ille-et-Vilaine,338
31 - Haute-Garonne,38 - Is̬re,379
31 - Haute-Garonne,40 - Landes,456
31 - Haute-Garonne,44 - Loire-Atlantique,567
31 - Haute-Garonne,46 - Lot,652
31 - Haute-Garonne,47 - Lot-et-Garonne,660
31 - Haute-Garonne,59 - Nord,621
31 - Haute-Garonne,60 - Oise,248
31 - Haute-Garonne,63 - Puy-de-D̫me,331
31 - Haute-Garonne,64 - Pyr̩n̩es-Atlantiques,1296
31 - Haute-Garonne,65 - Hautes-Pyr̩n̩es,1480
31 - Haute-Garonne,66 - Pyr̩n̩es-Orientales,939
31 - Haute-Garonne,67 - Bas-Rhin,310
31 - Haute-Garonne,69 - Rh̫ne,1086
31 - Haute-Garonne,74 - Haute-Savoie,270
31 - Haute-Garonne,75 - Paris,2376
31 - Haute-Garonne,76 - Seine-Maritime,263
31 - Haute-Garonne,77 - Seine-et-Marne,279
31 - Haute-Garonne,78 - Yvelines,504
31 - Haute-Garonne,81 - Tarn,3468
31 - Haute-Garonne,82 - Tarn-et-Garonne,2678
31 - Haute-Garonne,83 - Var,425
31 - Haute-Garonne,84 - Vaucluse,267
31 - Haute-Garonne,86 - Vienne,220
31 - Haute-Garonne,87 - Haute-Vienne,326
31 - Haute-Garonne,91 - Essonne,549
31 - Haute-Garonne,92 - Hauts-de-Seine,1190
31 - Haute-Garonne,93 - Seine-Saint-Denis,452
31 - Haute-Garonne,94 - Val-de-Marne,455
31 - Haute-Garonne,95 - Val-d'Oise,370
31 - Haute-Garonne,972 - Martinique,205
31 - Haute-Garonne,973 - Guyane,221
31 - Haute-Garonne,974 - La R̩union,495
32 - Gers,31 - Haute-Garonne,1851
32 - Gers,33 - Gironde,265
32 - Gers,40 - Landes,495
32 - Gers,47 - Lot-et-Garonne,302
32 - Gers,64 - Pyr̩n̩es-Atlantiques,370
32 - Gers,65 - Hautes-Pyr̩n̩es,369
33 - Gironde,06 - Alpes-Maritimes,394
33 - Gironde,13 - Bouches-du-Rh̫ne,689
33 - Gironde,16 - Charente,970
33 - Gironde,17 - Charente-Maritime,1828
33 - Gironde,19 - Corr̬ze,306
33 - Gironde,24 - Dordogne,2874
33 - Gironde,29 - Finist̬re,430
33 - Gironde,31 - Haute-Garonne,1874
33 - Gironde,32 - Gers,279
33 - Gironde,34 - H̩rault,600
33 - Gironde,35 - Ille-et-Vilaine,640
33 - Gironde,37 - Indre-et-Loire,386
33 - Gironde,38 - Is̬re,258
33 - Gironde,40 - Landes,2337
33 - Gironde,44 - Loire-Atlantique,747
33 - Gironde,45 - Loiret,298
33 - Gironde,47 - Lot-et-Garonne,1760
33 - Gironde,49 - Maine-et-Loire,314
33 - Gironde,56 - Morbihan,205
33 - Gironde,59 - Nord,529
33 - Gironde,60 - Oise,213
33 - Gironde,63 - Puy-de-D̫me,279
33 - Gironde,64 - Pyr̩n̩es-Atlantiques,2128
33 - Gironde,65 - Hautes-Pyr̩n̩es,321
33 - Gironde,67 - Bas-Rhin,251
33 - Gironde,69 - Rh̫ne,888
33 - Gironde,74 - Haute-Savoie,212
33 - Gironde,75 - Paris,2342
33 - Gironde,76 - Seine-Maritime,225
33 - Gironde,77 - Seine-et-Marne,301
33 - Gironde,78 - Yvelines,560
33 - Gironde,79 - Deux-S̬vres,218
33 - Gironde,82 - Tarn-et-Garonne,207
33 - Gironde,83 - Var,300
33 - Gironde,85 - Vend̩e,299
33 - Gironde,86 - Vienne,514
33 - Gironde,87 - Haute-Vienne,389
33 - Gironde,91 - Essonne,368
33 - Gironde,92 - Hauts-de-Seine,783
33 - Gironde,93 - Seine-Saint-Denis,374
33 - Gironde,94 - Val-de-Marne,404
33 - Gironde,95 - Val-d'Oise,219
33 - Gironde,972 - Martinique,259
33 - Gironde,974 - La R̩union,399
34 - H̩rault,06 - Alpes-Maritimes,629
34 - H̩rault,07 - Ard̬che,215
34 - H̩rault,11 - Aude,1932
34 - H̩rault,12 - Aveyron,745
34 - H̩rault,13 - Bouches-du-Rh̫ne,1679
34 - H̩rault,26 - Dr̫me,480
34 - H̩rault,29 - Finist̬re,218
34 - H̩rault,30 - Gard,4377
34 - H̩rault,31 - Haute-Garonne,1884
34 - H̩rault,33 - Gironde,517
34 - H̩rault,38 - Is̬re,707
34 - H̩rault,42 - Loire,344
34 - H̩rault,44 - Loire-Atlantique,265
34 - H̩rault,48 - Loz̬re,432
34 - H̩rault,59 - Nord,437
34 - H̩rault,63 - Puy-de-D̫me,342
34 - H̩rault,64 - Pyr̩n̩es-Atlantiques,362
34 - H̩rault,66 - Pyr̩n̩es-Orientales,1095
34 - H̩rault,67 - Bas-Rhin,202
34 - H̩rault,69 - Rh̫ne,1255
34 - H̩rault,74 - Haute-Savoie,346
34 - H̩rault,75 - Paris,1546
34 - H̩rault,77 - Seine-et-Marne,341
34 - H̩rault,78 - Yvelines,359
34 - H̩rault,81 - Tarn,615
34 - H̩rault,83 - Var,509
34 - H̩rault,84 - Vaucluse,566
34 - H̩rault,91 - Essonne,317
34 - H̩rault,92 - Hauts-de-Seine,617
34 - H̩rault,93 - Seine-Saint-Denis,370
34 - H̩rault,94 - Val-de-Marne,417
34 - H̩rault,974 - La R̩union,477
35 - Ille-et-Vilaine,06 - Alpes-Maritimes,222
35 - Ille-et-Vilaine,14 - Calvados,674
35 - Ille-et-Vilaine,17 - Charente-Maritime,262
35 - Ille-et-Vilaine,22 - C̫tes-d'Armor,3632
35 - Ille-et-Vilaine,29 - Finist̬re,1639
35 - Ille-et-Vilaine,31 - Haute-Garonne,409
35 - Ille-et-Vilaine,33 - Gironde,667
35 - Ille-et-Vilaine,34 - H̩rault,309
35 - Ille-et-Vilaine,37 - Indre-et-Loire,274
35 - Ille-et-Vilaine,44 - Loire-Atlantique,3148
35 - Ille-et-Vilaine,49 - Maine-et-Loire,941
35 - Ille-et-Vilaine,50 - Manche,897
35 - Ille-et-Vilaine,53 - Mayenne,1354
35 - Ille-et-Vilaine,54 - Meurthe-et-Moselle,216
35 - Ille-et-Vilaine,56 - Morbihan,2865
35 - Ille-et-Vilaine,59 - Nord,576
35 - Ille-et-Vilaine,61 - Orne,260
35 - Ille-et-Vilaine,67 - Bas-Rhin,224
35 - Ille-et-Vilaine,69 - Rh̫ne,492
35 - Ille-et-Vilaine,72 - Sarthe,327
35 - Ille-et-Vilaine,75 - Paris,1780
35 - Ille-et-Vilaine,76 - Seine-Maritime,421
35 - Ille-et-Vilaine,78 - Yvelines,358
35 - Ille-et-Vilaine,85 - Vend̩e,349
35 - Ille-et-Vilaine,91 - Essonne,336
35 - Ille-et-Vilaine,92 - Hauts-de-Seine,742
35 - Ille-et-Vilaine,93 - Seine-Saint-Denis,295
35 - Ille-et-Vilaine,94 - Val-de-Marne,340
35 - Ille-et-Vilaine,974 - La R̩union,228
36 - Indre,18 - Cher,481
36 - Indre,37 - Indre-et-Loire,774
36 - Indre,41 - Loir-et-Cher,327
36 - Indre,45 - Loiret,316
36 - Indre,86 - Vienne,403
36 - Indre,87 - Haute-Vienne,289
37 - Indre-et-Loire,13 - Bouches-du-Rh̫ne,327
37 - Indre-et-Loire,17 - Charente-Maritime,411
37 - Indre-et-Loire,18 - Cher,392
37 - Indre-et-Loire,28 - Eure-et-Loir,344
37 - Indre-et-Loire,29 - Finist̬re,224
37 - Indre-et-Loire,31 - Haute-Garonne,377
37 - Indre-et-Loire,33 - Gironde,598
37 - Indre-et-Loire,35 - Ille-et-Vilaine,352
37 - Indre-et-Loire,36 - Indre,427
37 - Indre-et-Loire,41 - Loir-et-Cher,1417
37 - Indre-et-Loire,44 - Loire-Atlantique,885
37 - Indre-et-Loire,45 - Loiret,933
37 - Indre-et-Loire,49 - Maine-et-Loire,914
37 - Indre-et-Loire,56 - Morbihan,240
37 - Indre-et-Loire,59 - Nord,332
37 - Indre-et-Loire,69 - Rh̫ne,353
37 - Indre-et-Loire,72 - Sarthe,729
37 - Indre-et-Loire,75 - Paris,910
37 - Indre-et-Loire,78 - Yvelines,277
37 - Indre-et-Loire,79 - Deux-S̬vres,222
37 - Indre-et-Loire,85 - Vend̩e,293
37 - Indre-et-Loire,86 - Vienne,1000
37 - Indre-et-Loire,91 - Essonne,207
37 - Indre-et-Loire,92 - Hauts-de-Seine,343
37 - Indre-et-Loire,93 - Seine-Saint-Denis,223
37 - Indre-et-Loire,94 - Val-de-Marne,219
38 - Is̬re,01 - Ain,1173
38 - Is̬re,05 - Hautes-Alpes,426
38 - Is̬re,06 - Alpes-Maritimes,547
38 - Is̬re,07 - Ard̬che,858
38 - Is̬re,13 - Bouches-du-Rh̫ne,1279
38 - Is̬re,21 - C̫te-d'Or,281
38 - Is̬re,25 - Doubs,203
38 - Is̬re,26 - Dr̫me,2316
38 - Is̬re,30 - Gard,406
38 - Is̬re,31 - Haute-Garonne,587
38 - Is̬re,33 - Gironde,424
38 - Is̬re,34 - H̩rault,878
38 - Is̬re,35 - Ille-et-Vilaine,265
38 - Is̬re,42 - Loire,1001
38 - Is̬re,43 - Haute-Loire,220
38 - Is̬re,44 - Loire-Atlantique,417
38 - Is̬re,54 - Meurthe-et-Moselle,226
38 - Is̬re,59 - Nord,383
38 - Is̬re,63 - Puy-de-D̫me,413
38 - Is̬re,67 - Bas-Rhin,210
38 - Is̬re,69 - Rh̫ne,6905
38 - Is̬re,71 - Sa̫ne-et-Loire,314
38 - Is̬re,73 - Savoie,2397
38 - Is̬re,74 - Haute-Savoie,1479
38 - Is̬re,75 - Paris,1121
38 - Is̬re,77 - Seine-et-Marne,254
38 - Is̬re,78 - Yvelines,301
38 - Is̬re,83 - Var,690
38 - Is̬re,84 - Vaucluse,296
38 - Is̬re,91 - Essonne,321
38 - Is̬re,92 - Hauts-de-Seine,550
38 - Is̬re,94 - Val-de-Marne,271
38 - Is̬re,974 - La R̩union,255
39 - Jura,01 - Ain,622
39 - Jura,21 - C̫te-d'Or,711
39 - Jura,25 - Doubs,1799
39 - Jura,69 - Rh̫ne,380
39 - Jura,70 - Haute-Sa̫ne,210
39 - Jura,71 - Sa̫ne-et-Loire,580
40 - Landes,24 - Dordogne,235
40 - Landes,31 - Haute-Garonne,455
40 - Landes,32 - Gers,528
40 - Landes,33 - Gironde,2499
40 - Landes,47 - Lot-et-Garonne,271
40 - Landes,64 - Pyr̩n̩es-Atlantiques,3318
40 - Landes,65 - Hautes-Pyr̩n̩es,269
40 - Landes,75 - Paris,224
41 - Loir-et-Cher,17 - Charente-Maritime,206
41 - Loir-et-Cher,18 - Cher,282
41 - Loir-et-Cher,28 - Eure-et-Loir,331
41 - Loir-et-Cher,33 - Gironde,239
41 - Loir-et-Cher,36 - Indre,364
41 - Loir-et-Cher,37 - Indre-et-Loire,2083
41 - Loir-et-Cher,44 - Loire-Atlantique,308
41 - Loir-et-Cher,45 - Loiret,1388
41 - Loir-et-Cher,72 - Sarthe,349
41 - Loir-et-Cher,75 - Paris,289
42 - Loire,01 - Ain,437
42 - Loire,03 - Allier,291
42 - Loire,07 - Ard̬che,510
42 - Loire,13 - Bouches-du-Rh̫ne,387
42 - Loire,26 - Dr̫me,384
42 - Loire,34 - H̩rault,382
42 - Loire,38 - Is̬re,1082
42 - Loire,43 - Haute-Loire,1648
42 - Loire,63 - Puy-de-D̫me,671
42 - Loire,69 - Rh̫ne,3996
42 - Loire,71 - Sa̫ne-et-Loire,505
42 - Loire,74 - Haute-Savoie,228
42 - Loire,75 - Paris,389
43 - Haute-Loire,42 - Loire,1267
43 - Haute-Loire,63 - Puy-de-D̫me,1009
43 - Haute-Loire,69 - Rh̫ne,295
44 - Loire-Atlantique,06 - Alpes-Maritimes,234
44 - Loire-Atlantique,13 - Bouches-du-Rh̫ne,375
44 - Loire-Atlantique,14 - Calvados,350
44 - Loire-Atlantique,17 - Charente-Maritime,646
44 - Loire-Atlantique,22 - C̫tes-d'Armor,588
44 - Loire-Atlantique,29 - Finist̬re,965
44 - Loire-Atlantique,31 - Haute-Garonne,730
44 - Loire-Atlantique,33 - Gironde,900
44 - Loire-Atlantique,34 - H̩rault,303
44 - Loire-Atlantique,35 - Ille-et-Vilaine,2756
44 - Loire-Atlantique,37 - Indre-et-Loire,426
44 - Loire-Atlantique,38 - Is̬re,221
44 - Loire-Atlantique,45 - Loiret,263
44 - Loire-Atlantique,49 - Maine-et-Loire,4373
44 - Loire-Atlantique,53 - Mayenne,458
44 - Loire-Atlantique,56 - Morbihan,2325
44 - Loire-Atlantique,59 - Nord,577
44 - Loire-Atlantique,64 - Pyr̩n̩es-Atlantiques,255
44 - Loire-Atlantique,69 - Rh̫ne,720
44 - Loire-Atlantique,72 - Sarthe,689
44 - Loire-Atlantique,75 - Paris,1822
44 - Loire-Atlantique,76 - Seine-Maritime,323
44 - Loire-Atlantique,77 - Seine-et-Marne,303
44 - Loire-Atlantique,78 - Yvelines,518
44 - Loire-Atlantique,79 - Deux-S̬vres,416
44 - Loire-Atlantique,85 - Vend̩e,3373
44 - Loire-Atlantique,86 - Vienne,303
44 - Loire-Atlantique,91 - Essonne,278
44 - Loire-Atlantique,92 - Hauts-de-Seine,700
44 - Loire-Atlantique,93 - Seine-Saint-Denis,292
44 - Loire-Atlantique,94 - Val-de-Marne,465
44 - Loire-Atlantique,974 - La R̩union,246
45 - Loiret,13 - Bouches-du-Rh̫ne,203
45 - Loiret,17 - Charente-Maritime,333
45 - Loiret,18 - Cher,694
45 - Loiret,28 - Eure-et-Loir,572
45 - Loiret,29 - Finist̬re,254
45 - Loiret,31 - Haute-Garonne,298
45 - Loiret,33 - Gironde,468
45 - Loiret,34 - H̩rault,299
45 - Loiret,35 - Ille-et-Vilaine,306
45 - Loiret,36 - Indre,396
45 - Loiret,37 - Indre-et-Loire,1462
45 - Loiret,41 - Loir-et-Cher,1298
45 - Loiret,44 - Loire-Atlantique,354
45 - Loiret,49 - Maine-et-Loire,224
45 - Loiret,58 - Ni̬vre,253
45 - Loiret,59 - Nord,355
45 - Loiret,63 - Puy-de-D̫me,267
45 - Loiret,69 - Rh̫ne,547
45 - Loiret,75 - Paris,824
45 - Loiret,76 - Seine-Maritime,241
45 - Loiret,77 - Seine-et-Marne,663
45 - Loiret,78 - Yvelines,381
45 - Loiret,83 - Var,208
45 - Loiret,85 - Vend̩e,241
45 - Loiret,86 - Vienne,202
45 - Loiret,89 - Yonne,430
45 - Loiret,91 - Essonne,771
45 - Loiret,92 - Hauts-de-Seine,443
45 - Loiret,93 - Seine-Saint-Denis,383
45 - Loiret,94 - Val-de-Marne,408
46 - Lot,12 - Aveyron,585
46 - Lot,19 - Corr̬ze,405
46 - Lot,31 - Haute-Garonne,810
46 - Lot,34 - H̩rault,250
46 - Lot,75 - Paris,304
46 - Lot,82 - Tarn-et-Garonne,329
47 - Lot-et-Garonne,24 - Dordogne,646
47 - Lot-et-Garonne,31 - Haute-Garonne,910
47 - Lot-et-Garonne,32 - Gers,303
47 - Lot-et-Garonne,33 - Gironde,2149
47 - Lot-et-Garonne,40 - Landes,408
47 - Lot-et-Garonne,46 - Lot,304
47 - Lot-et-Garonne,64 - Pyr̩n̩es-Atlantiques,367
47 - Lot-et-Garonne,82 - Tarn-et-Garonne,396
48 - Loz̬re,12 - Aveyron,200
48 - Loz̬re,30 - Gard,305
48 - Loz̬re,34 - H̩rault,323
49 - Maine-et-Loire,17 - Charente-Maritime,321
49 - Maine-et-Loire,22 - C̫tes-d'Armor,290
49 - Maine-et-Loire,29 - Finist̬re,354
49 - Maine-et-Loire,31 - Haute-Garonne,293
49 - Maine-et-Loire,33 - Gironde,479
49 - Maine-et-Loire,34 - H̩rault,211
49 - Maine-et-Loire,35 - Ille-et-Vilaine,1341
49 - Maine-et-Loire,37 - Indre-et-Loire,979
49 - Maine-et-Loire,44 - Loire-Atlantique,4357
49 - Maine-et-Loire,45 - Loiret,280
49 - Maine-et-Loire,53 - Mayenne,764
49 - Maine-et-Loire,56 - Morbihan,529
49 - Maine-et-Loire,59 - Nord,336
49 - Maine-et-Loire,69 - Rh̫ne,257
49 - Maine-et-Loire,72 - Sarthe,1250
49 - Maine-et-Loire,75 - Paris,844
49 - Maine-et-Loire,78 - Yvelines,261
49 - Maine-et-Loire,79 - Deux-S̬vres,922
49 - Maine-et-Loire,85 - Vend̩e,1650
49 - Maine-et-Loire,86 - Vienne,368
49 - Maine-et-Loire,92 - Hauts-de-Seine,356
49 - Maine-et-Loire,94 - Val-de-Marne,238
50 - Manche,14 - Calvados,3002
50 - Manche,29 - Finist̬re,279
50 - Manche,35 - Ille-et-Vilaine,1367
50 - Manche,44 - Loire-Atlantique,332
50 - Manche,53 - Mayenne,220
50 - Manche,61 - Orne,486
50 - Manche,75 - Paris,202
50 - Manche,76 - Seine-Maritime,331
51 - Marne,02 - Aisne,1398
51 - Marne,08 - Ardennes,1501
51 - Marne,10 - Aube,870
51 - Marne,13 - Bouches-du-Rh̫ne,206
51 - Marne,21 - C̫te-d'Or,284
51 - Marne,31 - Haute-Garonne,275
51 - Marne,33 - Gironde,313
51 - Marne,35 - Ille-et-Vilaine,215
51 - Marne,44 - Loire-Atlantique,213
51 - Marne,52 - Haute-Marne,431
51 - Marne,54 - Meurthe-et-Moselle,369
51 - Marne,55 - Meuse,388
51 - Marne,57 - Moselle,284
51 - Marne,59 - Nord,595
51 - Marne,60 - Oise,218
51 - Marne,67 - Bas-Rhin,395
51 - Marne,69 - Rh̫ne,337
51 - Marne,75 - Paris,676
51 - Marne,76 - Seine-Maritime,204
51 - Marne,77 - Seine-et-Marne,464
51 - Marne,78 - Yvelines,204
51 - Marne,83 - Var,316
51 - Marne,92 - Hauts-de-Seine,239
51 - Marne,94 - Val-de-Marne,202
52 - Haute-Marne,10 - Aube,496
52 - Haute-Marne,21 - C̫te-d'Or,484
52 - Haute-Marne,51 - Marne,663
52 - Haute-Marne,54 - Meurthe-et-Moselle,291
52 - Haute-Marne,55 - Meuse,436
53 - Mayenne,22 - C̫tes-d'Armor,226
53 - Mayenne,35 - Ille-et-Vilaine,1460
53 - Mayenne,44 - Loire-Atlantique,701
53 - Mayenne,49 - Maine-et-Loire,1201
53 - Mayenne,50 - Manche,206
53 - Mayenne,56 - Morbihan,227
53 - Mayenne,61 - Orne,451
53 - Mayenne,72 - Sarthe,831
53 - Mayenne,85 - Vend̩e,253
54 - Meurthe-et-Moselle,06 - Alpes-Maritimes,221
54 - Meurthe-et-Moselle,13 - Bouches-du-Rh̫ne,343
54 - Meurthe-et-Moselle,21 - C̫te-d'Or,242
54 - Meurthe-et-Moselle,25 - Doubs,240
54 - Meurthe-et-Moselle,33 - Gironde,350
54 - Meurthe-et-Moselle,34 - H̩rault,265
54 - Meurthe-et-Moselle,38 - Is̬re,280
54 - Meurthe-et-Moselle,51 - Marne,413
54 - Meurthe-et-Moselle,55 - Meuse,1487
54 - Meurthe-et-Moselle,57 - Moselle,4837
54 - Meurthe-et-Moselle,59 - Nord,385
54 - Meurthe-et-Moselle,67 - Bas-Rhin,949
54 - Meurthe-et-Moselle,68 - Haut-Rhin,326
54 - Meurthe-et-Moselle,69 - Rh̫ne,574
54 - Meurthe-et-Moselle,75 - Paris,783
54 - Meurthe-et-Moselle,78 - Yvelines,272
54 - Meurthe-et-Moselle,83 - Var,262
54 - Meurthe-et-Moselle,88 - Vosges,1601
54 - Meurthe-et-Moselle,92 - Hauts-de-Seine,290
54 - Meurthe-et-Moselle,94 - Val-de-Marne,436
55 - Meuse,51 - Marne,243
55 - Meuse,52 - Haute-Marne,405
55 - Meuse,54 - Meurthe-et-Moselle,1711
55 - Meuse,57 - Moselle,688
56 - Morbihan,22 - C̫tes-d'Armor,1087
56 - Morbihan,29 - Finist̬re,2785
56 - Morbihan,31 - Haute-Garonne,231
56 - Morbihan,33 - Gironde,411
56 - Morbihan,35 - Ille-et-Vilaine,3670
56 - Morbihan,44 - Loire-Atlantique,2360
56 - Morbihan,49 - Maine-et-Loire,456
56 - Morbihan,75 - Paris,434
56 - Morbihan,83 - Var,265
56 - Morbihan,85 - Vend̩e,297
56 - Morbihan,92 - Hauts-de-Seine,258
57 - Moselle,13 - Bouches-du-Rh̫ne,303
57 - Moselle,33 - Gironde,237
57 - Moselle,34 - H̩rault,332
57 - Moselle,38 - Is̬re,202
57 - Moselle,51 - Marne,251
57 - Moselle,54 - Meurthe-et-Moselle,5416
57 - Moselle,55 - Meuse,543
57 - Moselle,59 - Nord,398
57 - Moselle,67 - Bas-Rhin,2106
57 - Moselle,68 - Haut-Rhin,423
57 - Moselle,69 - Rh̫ne,462
57 - Moselle,74 - Haute-Savoie,255
57 - Moselle,75 - Paris,538
57 - Moselle,78 - Yvelines,263
57 - Moselle,83 - Var,307
57 - Moselle,88 - Vosges,477
57 - Moselle,92 - Hauts-de-Seine,321
58 - Ni̬vre,03 - Allier,356
58 - Ni̬vre,18 - Cher,904
58 - Ni̬vre,21 - C̫te-d'Or,384
58 - Ni̬vre,63 - Puy-de-D̫me,346
58 - Ni̬vre,71 - Sa̫ne-et-Loire,288
58 - Ni̬vre,89 - Yonne,498
59 - Nord,01 - Ain,231
59 - Nord,02 - Aisne,1399
59 - Nord,03 - Allier,210
59 - Nord,06 - Alpes-Maritimes,758
59 - Nord,07 - Ard̬che,234
59 - Nord,11 - Aude,295
59 - Nord,13 - Bouches-du-Rh̫ne,1103
59 - Nord,14 - Calvados,280
59 - Nord,17 - Charente-Maritime,378
59 - Nord,22 - C̫tes-d'Armor,633
59 - Nord,24 - Dordogne,354
59 - Nord,25 - Doubs,285
59 - Nord,26 - Dr̫me,266
59 - Nord,29 - Finist̬re,532
59 - Nord,30 - Gard,459
59 - Nord,31 - Haute-Garonne,758
59 - Nord,33 - Gironde,946
59 - Nord,34 - H̩rault,869
59 - Nord,35 - Ille-et-Vilaine,702
59 - Nord,37 - Indre-et-Loire,229
59 - Nord,38 - Is̬re,494
59 - Nord,40 - Landes,205
59 - Nord,42 - Loire,231
59 - Nord,44 - Loire-Atlantique,741
59 - Nord,45 - Loiret,290
59 - Nord,46 - Lot,209
59 - Nord,49 - Maine-et-Loire,341
59 - Nord,50 - Manche,231
59 - Nord,51 - Marne,499
59 - Nord,54 - Meurthe-et-Moselle,403
59 - Nord,56 - Morbihan,368
59 - Nord,57 - Moselle,457
59 - Nord,60 - Oise,728
59 - Nord,62 - Pas-de-Calais,12163
59 - Nord,63 - Puy-de-D̫me,295
59 - Nord,64 - Pyr̩n̩es-Atlantiques,345
59 - Nord,66 - Pyr̩n̩es-Orientales,409
59 - Nord,67 - Bas-Rhin,527
59 - Nord,68 - Haut-Rhin,311
59 - Nord,69 - Rh̫ne,1057
59 - Nord,71 - Sa̫ne-et-Loire,224
59 - Nord,73 - Savoie,410
59 - Nord,74 - Haute-Savoie,721
59 - Nord,75 - Paris,2605
59 - Nord,76 - Seine-Maritime,674
59 - Nord,77 - Seine-et-Marne,551
59 - Nord,78 - Yvelines,792
59 - Nord,80 - Somme,878
59 - Nord,83 - Var,682
59 - Nord,84 - Vaucluse,311
59 - Nord,85 - Vend̩e,275
59 - Nord,86 - Vienne,247
59 - Nord,91 - Essonne,477
59 - Nord,92 - Hauts-de-Seine,1298
59 - Nord,93 - Seine-Saint-Denis,654
59 - Nord,94 - Val-de-Marne,619
59 - Nord,95 - Val-d'Oise,418
59 - Nord,974 - La R̩union,255
60 - Oise,02 - Aisne,1438
60 - Oise,06 - Alpes-Maritimes,247
60 - Oise,13 - Bouches-du-Rh̫ne,342
60 - Oise,14 - Calvados,248
60 - Oise,17 - Charente-Maritime,290
60 - Oise,22 - C̫tes-d'Armor,326
60 - Oise,27 - Eure,616
60 - Oise,29 - Finist̬re,234
60 - Oise,30 - Gard,216
60 - Oise,31 - Haute-Garonne,425
60 - Oise,33 - Gironde,445
60 - Oise,34 - H̩rault,285
60 - Oise,44 - Loire-Atlantique,251
60 - Oise,45 - Loiret,266
60 - Oise,59 - Nord,1273
60 - Oise,62 - Pas-de-Calais,407
60 - Oise,64 - Pyr̩n̩es-Atlantiques,213
60 - Oise,66 - Pyr̩n̩es-Orientales,267
60 - Oise,69 - Rh̫ne,361
60 - Oise,75 - Paris,841
60 - Oise,76 - Seine-Maritime,691
60 - Oise,77 - Seine-et-Marne,861
60 - Oise,78 - Yvelines,491
60 - Oise,80 - Somme,2947
60 - Oise,83 - Var,238
60 - Oise,85 - Vend̩e,269
60 - Oise,91 - Essonne,378
60 - Oise,92 - Hauts-de-Seine,601
60 - Oise,93 - Seine-Saint-Denis,552
60 - Oise,94 - Val-de-Marne,315
60 - Oise,95 - Val-d'Oise,2222
61 - Orne,14 - Calvados,2042
61 - Orne,27 - Eure,256
61 - Orne,28 - Eure-et-Loir,442
61 - Orne,35 - Ille-et-Vilaine,370
61 - Orne,44 - Loire-Atlantique,202
61 - Orne,49 - Maine-et-Loire,204
61 - Orne,50 - Manche,470
61 - Orne,53 - Mayenne,558
61 - Orne,72 - Sarthe,1260
61 - Orne,76 - Seine-Maritime,216
62 - Pas-de-Calais,02 - Aisne,287
62 - Pas-de-Calais,13 - Bouches-du-Rh̫ne,266
62 - Pas-de-Calais,30 - Gard,246
62 - Pas-de-Calais,31 - Haute-Garonne,286
62 - Pas-de-Calais,33 - Gironde,215
62 - Pas-de-Calais,34 - H̩rault,368
62 - Pas-de-Calais,38 - Is̬re,253
62 - Pas-de-Calais,59 - Nord,12350
62 - Pas-de-Calais,60 - Oise,433
62 - Pas-de-Calais,66 - Pyr̩n̩es-Orientales,229
62 - Pas-de-Calais,69 - Rh̫ne,305
62 - Pas-de-Calais,74 - Haute-Savoie,304
62 - Pas-de-Calais,75 - Paris,368
62 - Pas-de-Calais,76 - Seine-Maritime,269
62 - Pas-de-Calais,77 - Seine-et-Marne,205
62 - Pas-de-Calais,78 - Yvelines,203
62 - Pas-de-Calais,80 - Somme,1215
62 - Pas-de-Calais,83 - Var,539
62 - Pas-de-Calais,91 - Essonne,209
62 - Pas-de-Calais,92 - Hauts-de-Seine,266
63 - Puy-de-D̫me,03 - Allier,2106
63 - Puy-de-D̫me,13 - Bouches-du-Rh̫ne,238
63 - Puy-de-D̫me,15 - Cantal,544
63 - Puy-de-D̫me,18 - Cher,224
63 - Puy-de-D̫me,19 - Corr̬ze,360
63 - Puy-de-D̫me,31 - Haute-Garonne,375
63 - Puy-de-D̫me,33 - Gironde,315
63 - Puy-de-D̫me,34 - H̩rault,469
63 - Puy-de-D̫me,38 - Is̬re,313
63 - Puy-de-D̫me,42 - Loire,641
63 - Puy-de-D̫me,43 - Haute-Loire,775
63 - Puy-de-D̫me,49 - Maine-et-Loire,215
63 - Puy-de-D̫me,69 - Rh̫ne,873
63 - Puy-de-D̫me,75 - Paris,520
63 - Puy-de-D̫me,92 - Hauts-de-Seine,215
64 - Pyr̩n̩es-Atlantiques,13 - Bouches-du-Rh̫ne,398
64 - Pyr̩n̩es-Atlantiques,17 - Charente-Maritime,289
64 - Pyr̩n̩es-Atlantiques,31 - Haute-Garonne,1355
64 - Pyr̩n̩es-Atlantiques,32 - Gers,247
64 - Pyr̩n̩es-Atlantiques,33 - Gironde,2684
64 - Pyr̩n̩es-Atlantiques,34 - H̩rault,303
64 - Pyr̩n̩es-Atlantiques,35 - Ille-et-Vilaine,217
64 - Pyr̩n̩es-Atlantiques,40 - Landes,2930
64 - Pyr̩n̩es-Atlantiques,47 - Lot-et-Garonne,276
64 - Pyr̩n̩es-Atlantiques,65 - Hautes-Pyr̩n̩es,1229
64 - Pyr̩n̩es-Atlantiques,69 - Rh̫ne,242
64 - Pyr̩n̩es-Atlantiques,75 - Paris,628
64 - Pyr̩n̩es-Atlantiques,78 - Yvelines,283
64 - Pyr̩n̩es-Atlantiques,92 - Hauts-de-Seine,263
65 - Hautes-Pyr̩n̩es,31 - Haute-Garonne,1589
65 - Hautes-Pyr̩n̩es,32 - Gers,307
65 - Hautes-Pyr̩n̩es,33 - Gironde,344
65 - Hautes-Pyr̩n̩es,40 - Landes,212
65 - Hautes-Pyr̩n̩es,64 - Pyr̩n̩es-Atlantiques,1310
65 - Hautes-Pyr̩n̩es,75 - Paris,289
66 - Pyr̩n̩es-Orientales,11 - Aude,716
66 - Pyr̩n̩es-Orientales,13 - Bouches-du-Rh̫ne,313
66 - Pyr̩n̩es-Orientales,30 - Gard,255
66 - Pyr̩n̩es-Orientales,31 - Haute-Garonne,982
66 - Pyr̩n̩es-Orientales,33 - Gironde,256
66 - Pyr̩n̩es-Orientales,34 - H̩rault,1376
66 - Pyr̩n̩es-Orientales,64 - Pyr̩n̩es-Atlantiques,204
66 - Pyr̩n̩es-Orientales,75 - Paris,226
66 - Pyr̩n̩es-Orientales,81 - Tarn,241
67 - Bas-Rhin,06 - Alpes-Maritimes,246
67 - Bas-Rhin,13 - Bouches-du-Rh̫ne,295
67 - Bas-Rhin,21 - C̫te-d'Or,269
67 - Bas-Rhin,25 - Doubs,376
67 - Bas-Rhin,31 - Haute-Garonne,365
67 - Bas-Rhin,33 - Gironde,411
67 - Bas-Rhin,34 - H̩rault,339
67 - Bas-Rhin,35 - Ille-et-Vilaine,291
67 - Bas-Rhin,38 - Is̬re,287
67 - Bas-Rhin,44 - Loire-Atlantique,208
67 - Bas-Rhin,51 - Marne,317
67 - Bas-Rhin,54 - Meurthe-et-Moselle,738
67 - Bas-Rhin,57 - Moselle,2043
67 - Bas-Rhin,59 - Nord,475
67 - Bas-Rhin,68 - Haut-Rhin,2851
67 - Bas-Rhin,69 - Rh̫ne,604
67 - Bas-Rhin,74 - Haute-Savoie,288
67 - Bas-Rhin,75 - Paris,1195
67 - Bas-Rhin,78 - Yvelines,251
67 - Bas-Rhin,83 - Var,261
67 - Bas-Rhin,88 - Vosges,538
67 - Bas-Rhin,90 - Territoire de Belfort,260
67 - Bas-Rhin,91 - Essonne,241
67 - Bas-Rhin,92 - Hauts-de-Seine,550
67 - Bas-Rhin,93 - Seine-Saint-Denis,306
67 - Bas-Rhin,94 - Val-de-Marne,292
68 - Haut-Rhin,06 - Alpes-Maritimes,219
68 - Haut-Rhin,25 - Doubs,599
68 - Haut-Rhin,34 - H̩rault,215
68 - Haut-Rhin,54 - Meurthe-et-Moselle,324
68 - Haut-Rhin,57 - Moselle,321
68 - Haut-Rhin,67 - Bas-Rhin,4728
68 - Haut-Rhin,69 - Rh̫ne,337
68 - Haut-Rhin,70 - Haute-Sa̫ne,226
68 - Haut-Rhin,74 - Haute-Savoie,228
68 - Haut-Rhin,75 - Paris,314
68 - Haut-Rhin,88 - Vosges,433
68 - Haut-Rhin,90 - Territoire de Belfort,650
69 - Rh̫ne,01 - Ain,6974
69 - Rh̫ne,03 - Allier,385
69 - Rh̫ne,06 - Alpes-Maritimes,840
69 - Rh̫ne,07 - Ard̬che,1008
69 - Rh̫ne,11 - Aude,275
69 - Rh̫ne,13 - Bouches-du-Rh̫ne,1967
69 - Rh̫ne,17 - Charente-Maritime,203
69 - Rh̫ne,21 - C̫te-d'Or,625
69 - Rh̫ne,25 - Doubs,442
69 - Rh̫ne,26 - Dr̫me,1684
69 - Rh̫ne,29 - Finist̬re,295
69 - Rh̫ne,30 - Gard,651
69 - Rh̫ne,31 - Haute-Garonne,988
69 - Rh̫ne,33 - Gironde,878
69 - Rh̫ne,34 - H̩rault,1187
69 - Rh̫ne,35 - Ille-et-Vilaine,489
69 - Rh̫ne,37 - Indre-et-Loire,257
69 - Rh̫ne,38 - Is̬re,8771
69 - Rh̫ne,39 - Jura,260
69 - Rh̫ne,42 - Loire,4852
69 - Rh̫ne,43 - Haute-Loire,533
69 - Rh̫ne,44 - Loire-Atlantique,597
69 - Rh̫ne,51 - Marne,223
69 - Rh̫ne,54 - Meurthe-et-Moselle,254
69 - Rh̫ne,56 - Morbihan,256
69 - Rh̫ne,57 - Moselle,231
69 - Rh̫ne,59 - Nord,759
69 - Rh̫ne,62 - Pas-de-Calais,224
69 - Rh̫ne,63 - Puy-de-D̫me,1082
69 - Rh̫ne,64 - Pyr̩n̩es-Atlantiques,249
69 - Rh̫ne,66 - Pyr̩n̩es-Orientales,256
69 - Rh̫ne,67 - Bas-Rhin,500
69 - Rh̫ne,68 - Haut-Rhin,284
69 - Rh̫ne,71 - Sa̫ne-et-Loire,1578
69 - Rh̫ne,73 - Savoie,909
69 - Rh̫ne,74 - Haute-Savoie,1920
69 - Rh̫ne,75 - Paris,3827
69 - Rh̫ne,76 - Seine-Maritime,467
69 - Rh̫ne,77 - Seine-et-Marne,481
69 - Rh̫ne,78 - Yvelines,771
69 - Rh̫ne,83 - Var,896
69 - Rh̫ne,84 - Vaucluse,494
69 - Rh̫ne,91 - Essonne,790
69 - Rh̫ne,92 - Hauts-de-Seine,1175
69 - Rh̫ne,93 - Seine-Saint-Denis,541
69 - Rh̫ne,94 - Val-de-Marne,476
69 - Rh̫ne,95 - Val-d'Oise,403
69 - Rh̫ne,974 - La R̩union,515
70 - Haute-Sa̫ne,21 - C̫te-d'Or,335
70 - Haute-Sa̫ne,25 - Doubs,2557
70 - Haute-Sa̫ne,39 - Jura,235
70 - Haute-Sa̫ne,90 - Territoire de Belfort,697
71 - Sa̫ne-et-Loire,01 - Ain,1372
71 - Sa̫ne-et-Loire,03 - Allier,243
71 - Sa̫ne-et-Loire,13 - Bouches-du-Rh̫ne,202
71 - Sa̫ne-et-Loire,21 - C̫te-d'Or,2465
71 - Sa̫ne-et-Loire,25 - Doubs,215
71 - Sa̫ne-et-Loire,34 - H̩rault,216
71 - Sa̫ne-et-Loire,38 - Is̬re,307
71 - Sa̫ne-et-Loire,39 - Jura,590
71 - Sa̫ne-et-Loire,42 - Loire,602
71 - Sa̫ne-et-Loire,58 - Ni̬vre,320
71 - Sa̫ne-et-Loire,69 - Rh̫ne,1590
71 - Sa̫ne-et-Loire,74 - Haute-Savoie,256
71 - Sa̫ne-et-Loire,89 - Yonne,287
72 - Sarthe,14 - Calvados,291
72 - Sarthe,28 - Eure-et-Loir,209
72 - Sarthe,29 - Finist̬re,243
72 - Sarthe,31 - Haute-Garonne,263
72 - Sarthe,33 - Gironde,230
72 - Sarthe,35 - Ille-et-Vilaine,706
72 - Sarthe,37 - Indre-et-Loire,659
72 - Sarthe,41 - Loir-et-Cher,248
72 - Sarthe,44 - Loire-Atlantique,951
72 - Sarthe,45 - Loiret,231
72 - Sarthe,49 - Maine-et-Loire,1599
72 - Sarthe,53 - Mayenne,1197
72 - Sarthe,56 - Morbihan,295
72 - Sarthe,61 - Orne,903
72 - Sarthe,75 - Paris,305
72 - Sarthe,85 - Vend̩e,389
72 - Sarthe,92 - Hauts-de-Seine,236
73 - Savoie,01 - Ain,622
73 - Savoie,13 - Bouches-du-Rh̫ne,217
73 - Savoie,26 - Dr̫me,233
73 - Savoie,31 - Haute-Garonne,252
73 - Savoie,34 - H̩rault,255
73 - Savoie,38 - Is̬re,2572
73 - Savoie,42 - Loire,210
73 - Savoie,69 - Rh̫ne,1353
73 - Savoie,74 - Haute-Savoie,2291
73 - Savoie,75 - Paris,250
74 - Haute-Savoie,01 - Ain,1280
74 - Haute-Savoie,06 - Alpes-Maritimes,259
74 - Haute-Savoie,07 - Ard̬che,288
74 - Haute-Savoie,13 - Bouches-du-Rh̫ne,405
74 - Haute-Savoie,17 - Charente-Maritime,248
74 - Haute-Savoie,21 - C̫te-d'Or,234
74 - Haute-Savoie,25 - Doubs,234
74 - Haute-Savoie,26 - Dr̫me,304
74 - Haute-Savoie,30 - Gard,216
74 - Haute-Savoie,31 - Haute-Garonne,321
74 - Haute-Savoie,33 - Gironde,284
74 - Haute-Savoie,34 - H̩rault,464
74 - Haute-Savoie,38 - Is̬re,1441
74 - Haute-Savoie,42 - Loire,313
74 - Haute-Savoie,44 - Loire-Atlantique,220
74 - Haute-Savoie,56 - Morbihan,314
74 - Haute-Savoie,59 - Nord,376
74 - Haute-Savoie,68 - Haut-Rhin,208
74 - Haute-Savoie,69 - Rh̫ne,2033
74 - Haute-Savoie,71 - Sa̫ne-et-Loire,305
74 - Haute-Savoie,73 - Savoie,2658
74 - Haute-Savoie,75 - Paris,437
74 - Haute-Savoie,83 - Var,325
74 - Haute-Savoie,92 - Hauts-de-Seine,247
75 - Paris,01 - Ain,313
75 - Paris,02 - Aisne,432
75 - Paris,03 - Allier,349
75 - Paris,06 - Alpes-Maritimes,1848
75 - Paris,10 - Aube,359
75 - Paris,11 - Aude,230
75 - Paris,12 - Aveyron,218
75 - Paris,13 - Bouches-du-Rh̫ne,3230
75 - Paris,14 - Calvados,872
75 - Paris,16 - Charente,248
75 - Paris,17 - Charente-Maritime,655
75 - Paris,18 - Cher,400
75 - Paris,21 - C̫te-d'Or,659
75 - Paris,22 - C̫tes-d'Armor,390
75 - Paris,24 - Dordogne,461
75 - Paris,25 - Doubs,384
75 - Paris,26 - Dr̫me,298
75 - Paris,27 - Eure,637
75 - Paris,28 - Eure-et-Loir,628
75 - Paris,29 - Finist̬re,853
75 - Paris,2A - Corse-du-Sud,252
75 - Paris,2B - Haute-Corse,311
75 - Paris,30 - Gard,507
75 - Paris,31 - Haute-Garonne,2375
75 - Paris,33 - Gironde,3074
75 - Paris,34 - H̩rault,1673
75 - Paris,35 - Ille-et-Vilaine,1656
75 - Paris,36 - Indre,221
75 - Paris,37 - Indre-et-Loire,864
75 - Paris,38 - Is̬re,814
75 - Paris,40 - Landes,271
75 - Paris,41 - Loir-et-Cher,350
75 - Paris,42 - Loire,289
75 - Paris,44 - Loire-Atlantique,2772
75 - Paris,45 - Loiret,836
75 - Paris,49 - Maine-et-Loire,746
75 - Paris,50 - Manche,382
75 - Paris,51 - Marne,733
75 - Paris,53 - Mayenne,250
75 - Paris,54 - Meurthe-et-Moselle,466
75 - Paris,56 - Morbihan,677
75 - Paris,57 - Moselle,495
75 - Paris,58 - Ni̬vre,390
75 - Paris,59 - Nord,2170
75 - Paris,60 - Oise,1300
75 - Paris,61 - Orne,379
75 - Paris,62 - Pas-de-Calais,521
75 - Paris,63 - Puy-de-D̫me,474
75 - Paris,64 - Pyr̩n̩es-Atlantiques,957
75 - Paris,66 - Pyr̩n̩es-Orientales,363
75 - Paris,67 - Bas-Rhin,937
75 - Paris,68 - Haut-Rhin,350
75 - Paris,69 - Rh̫ne,3765
75 - Paris,71 - Sa̫ne-et-Loire,375
75 - Paris,72 - Sarthe,532
75 - Paris,73 - Savoie,252
75 - Paris,74 - Haute-Savoie,731
75 - Paris,76 - Seine-Maritime,1451
75 - Paris,77 - Seine-et-Marne,3856
75 - Paris,78 - Yvelines,6439
75 - Paris,79 - Deux-S̬vres,296
75 - Paris,80 - Somme,606
75 - Paris,81 - Tarn,290
75 - Paris,83 - Var,960
75 - Paris,84 - Vaucluse,505
75 - Paris,85 - Vend̩e,424
75 - Paris,86 - Vienne,451
75 - Paris,87 - Haute-Vienne,263
75 - Paris,89 - Yonne,630
75 - Paris,91 - Essonne,3727
75 - Paris,92 - Hauts-de-Seine,22910
75 - Paris,93 - Seine-Saint-Denis,15446
75 - Paris,94 - Val-de-Marne,15338
75 - Paris,95 - Val-d'Oise,3560
75 - Paris,971 - Guadeloupe,503
75 - Paris,972 - Martinique,442
75 - Paris,973 - Guyane,459
75 - Paris,974 - La R̩union,569
76 - Seine-Maritime,06 - Alpes-Maritimes,269
76 - Seine-Maritime,13 - Bouches-du-Rh̫ne,464
76 - Seine-Maritime,14 - Calvados,1353
76 - Seine-Maritime,17 - Charente-Maritime,287
76 - Seine-Maritime,27 - Eure,4629
76 - Seine-Maritime,29 - Finist̬re,364
76 - Seine-Maritime,31 - Haute-Garonne,391
76 - Seine-Maritime,33 - Gironde,636
76 - Seine-Maritime,34 - H̩rault,325
76 - Seine-Maritime,35 - Ille-et-Vilaine,527
76 - Seine-Maritime,37 - Indre-et-Loire,204
76 - Seine-Maritime,38 - Is̬re,229
76 - Seine-Maritime,44 - Loire-Atlantique,465
76 - Seine-Maritime,45 - Loiret,241
76 - Seine-Maritime,49 - Maine-et-Loire,274
76 - Seine-Maritime,50 - Manche,434
76 - Seine-Maritime,56 - Morbihan,262
76 - Seine-Maritime,59 - Nord,912
76 - Seine-Maritime,60 - Oise,537
76 - Seine-Maritime,61 - Orne,226
76 - Seine-Maritime,62 - Pas-de-Calais,240
76 - Seine-Maritime,69 - Rh̫ne,549
76 - Seine-Maritime,72 - Sarthe,230
76 - Seine-Maritime,75 - Paris,1353
76 - Seine-Maritime,78 - Yvelines,638
76 - Seine-Maritime,80 - Somme,946
76 - Seine-Maritime,83 - Var,237
76 - Seine-Maritime,85 - Vend̩e,242
76 - Seine-Maritime,91 - Essonne,391
76 - Seine-Maritime,92 - Hauts-de-Seine,784
76 - Seine-Maritime,93 - Seine-Saint-Denis,283
76 - Seine-Maritime,94 - Val-de-Marne,351
76 - Seine-Maritime,95 - Val-d'Oise,434
77 - Seine-et-Marne,02 - Aisne,887
77 - Seine-et-Marne,06 - Alpes-Maritimes,473
77 - Seine-et-Marne,10 - Aube,758
77 - Seine-et-Marne,11 - Aude,233
77 - Seine-et-Marne,13 - Bouches-du-Rh̫ne,646
77 - Seine-et-Marne,14 - Calvados,249
77 - Seine-et-Marne,17 - Charente-Maritime,662
77 - Seine-et-Marne,22 - C̫tes-d'Armor,417
77 - Seine-et-Marne,24 - Dordogne,408
77 - Seine-et-Marne,27 - Eure,237
77 - Seine-et-Marne,28 - Eure-et-Loir,233
77 - Seine-et-Marne,29 - Finist̬re,462
77 - Seine-et-Marne,30 - Gard,364
77 - Seine-et-Marne,31 - Haute-Garonne,671
77 - Seine-et-Marne,33 - Gironde,1104
77 - Seine-et-Marne,34 - H̩rault,644
77 - Seine-et-Marne,35 - Ille-et-Vilaine,402
77 - Seine-et-Marne,37 - Indre-et-Loire,301
77 - Seine-et-Marne,38 - Is̬re,244
77 - Seine-et-Marne,40 - Landes,257
77 - Seine-et-Marne,44 - Loire-Atlantique,646
77 - Seine-et-Marne,45 - Loiret,1342
77 - Seine-et-Marne,49 - Maine-et-Loire,272
77 - Seine-et-Marne,51 - Marne,691
77 - Seine-et-Marne,56 - Morbihan,419
77 - Seine-et-Marne,57 - Moselle,202
77 - Seine-et-Marne,59 - Nord,522
77 - Seine-et-Marne,60 - Oise,1627
77 - Seine-et-Marne,62 - Pas-de-Calais,342
77 - Seine-et-Marne,63 - Puy-de-D̫me,210
77 - Seine-et-Marne,64 - Pyr̩n̩es-Atlantiques,358
77 - Seine-et-Marne,66 - Pyr̩n̩es-Orientales,342
77 - Seine-et-Marne,67 - Bas-Rhin,242
77 - Seine-et-Marne,69 - Rh̫ne,421
77 - Seine-et-Marne,74 - Haute-Savoie,253
77 - Seine-et-Marne,75 - Paris,3260
77 - Seine-et-Marne,76 - Seine-Maritime,269
77 - Seine-et-Marne,78 - Yvelines,1126
77 - Seine-et-Marne,83 - Var,613
77 - Seine-et-Marne,85 - Vend̩e,781
77 - Seine-et-Marne,86 - Vienne,223
77 - Seine-et-Marne,89 - Yonne,1290
77 - Seine-et-Marne,91 - Essonne,3655
77 - Seine-et-Marne,92 - Hauts-de-Seine,1661
77 - Seine-et-Marne,93 - Seine-Saint-Denis,4121
77 - Seine-et-Marne,94 - Val-de-Marne,3865
77 - Seine-et-Marne,95 - Val-d'Oise,1161
77 - Seine-et-Marne,971 - Guadeloupe,222
77 - Seine-et-Marne,974 - La R̩union,293
78 - Yvelines,06 - Alpes-Maritimes,581
78 - Yvelines,13 - Bouches-du-Rh̫ne,1111
78 - Yvelines,14 - Calvados,577
78 - Yvelines,17 - Charente-Maritime,618
78 - Yvelines,22 - C̫tes-d'Armor,473
78 - Yvelines,25 - Doubs,223
78 - Yvelines,27 - Eure,2075
78 - Yvelines,28 - Eure-et-Loir,2768
78 - Yvelines,29 - Finist̬re,506
78 - Yvelines,30 - Gard,277
78 - Yvelines,31 - Haute-Garonne,1010
78 - Yvelines,33 - Gironde,1254
78 - Yvelines,34 - H̩rault,645
78 - Yvelines,35 - Ille-et-Vilaine,792
78 - Yvelines,37 - Indre-et-Loire,484
78 - Yvelines,38 - Is̬re,422
78 - Yvelines,40 - Landes,343
78 - Yvelines,41 - Loir-et-Cher,264
78 - Yvelines,44 - Loire-Atlantique,1184
78 - Yvelines,45 - Loiret,409
78 - Yvelines,49 - Maine-et-Loire,578
78 - Yvelines,50 - Manche,292
78 - Yvelines,51 - Marne,227
78 - Yvelines,54 - Meurthe-et-Moselle,252
78 - Yvelines,56 - Morbihan,614
78 - Yvelines,59 - Nord,957
78 - Yvelines,60 - Oise,718
78 - Yvelines,61 - Orne,280
78 - Yvelines,62 - Pas-de-Calais,204
78 - Yvelines,63 - Puy-de-D̫me,248
78 - Yvelines,64 - Pyr̩n̩es-Atlantiques,346
78 - Yvelines,67 - Bas-Rhin,247
78 - Yvelines,69 - Rh̫ne,1012
78 - Yvelines,72 - Sarthe,326
78 - Yvelines,74 - Haute-Savoie,346
78 - Yvelines,75 - Paris,6366
78 - Yvelines,76 - Seine-Maritime,945
78 - Yvelines,77 - Seine-et-Marne,1218
78 - Yvelines,80 - Somme,201
78 - Yvelines,83 - Var,749
78 - Yvelines,85 - Vend̩e,595
78 - Yvelines,86 - Vienne,282
78 - Yvelines,91 - Essonne,2369
78 - Yvelines,92 - Hauts-de-Seine,5805
78 - Yvelines,93 - Seine-Saint-Denis,1341
78 - Yvelines,94 - Val-de-Marne,1526
78 - Yvelines,95 - Val-d'Oise,3945
78 - Yvelines,974 - La R̩union,226
79 - Deux-S̬vres,16 - Charente,278
79 - Deux-S̬vres,17 - Charente-Maritime,1281
79 - Deux-S̬vres,33 - Gironde,313
79 - Deux-S̬vres,44 - Loire-Atlantique,550
79 - Deux-S̬vres,49 - Maine-et-Loire,877
79 - Deux-S̬vres,85 - Vend̩e,1162
79 - Deux-S̬vres,86 - Vienne,1700
80 - Somme,02 - Aisne,997
80 - Somme,33 - Gironde,246
80 - Somme,59 - Nord,1264
80 - Somme,60 - Oise,1930
80 - Somme,62 - Pas-de-Calais,1123
80 - Somme,69 - Rh̫ne,202
80 - Somme,75 - Paris,359
80 - Somme,76 - Seine-Maritime,1084
80 - Somme,92 - Hauts-de-Seine,208
81 - Tarn,11 - Aude,338
81 - Tarn,12 - Aveyron,689
81 - Tarn,31 - Haute-Garonne,3241
81 - Tarn,33 - Gironde,257
81 - Tarn,34 - H̩rault,506
81 - Tarn,64 - Pyr̩n̩es-Atlantiques,222
81 - Tarn,75 - Paris,336
81 - Tarn,82 - Tarn-et-Garonne,271
81 - Tarn,92 - Hauts-de-Seine,240
82 - Tarn-et-Garonne,31 - Haute-Garonne,2601
82 - Tarn-et-Garonne,32 - Gers,213
82 - Tarn-et-Garonne,33 - Gironde,210
82 - Tarn-et-Garonne,46 - Lot,287
82 - Tarn-et-Garonne,47 - Lot-et-Garonne,470
82 - Tarn-et-Garonne,81 - Tarn,430
83 - Var,01 - Ain,221
83 - Var,04 - Alpes-de-Haute-Provence,570
83 - Var,05 - Hautes-Alpes,387
83 - Var,06 - Alpes-Maritimes,3191
83 - Var,11 - Aude,278
83 - Var,12 - Aveyron,206
83 - Var,13 - Bouches-du-Rh̫ne,4905
83 - Var,26 - Dr̫me,236
83 - Var,29 - Finist̬re,626
83 - Var,2B - Haute-Corse,307
83 - Var,30 - Gard,501
83 - Var,31 - Haute-Garonne,456
83 - Var,33 - Gironde,349
83 - Var,34 - H̩rault,569
3 - Var,38 - Is̬re,576
83 - Var,42 - Loire,220
83 - Var,50 - Manche,207
83 - Var,56 - Morbihan,333
83 - Var,57 - Moselle,206
83 - Var,59 - Nord,362
83 - Var,64 - Pyr̩n̩es-Atlantiques,282
83 - Var,67 - Bas-Rhin,203
83 - Var,69 - Rh̫ne,751
83 - Var,74 - Haute-Savoie,296
83 - Var,75 - Paris,554
83 - Var,76 - Seine-Maritime,202
83 - Var,77 - Seine-et-Marne,258
83 - Var,78 - Yvelines,395
83 - Var,84 - Vaucluse,598
83 - Var,92 - Hauts-de-Seine,351
83 - Var,94 - Val-de-Marne,253
83 - Var,972 - Martinique,216
83 - Var,974 - La R̩union,333
84 - Vaucluse,04 - Alpes-de-Haute-Provence,369
84 - Vaucluse,05 - Hautes-Alpes,247
84 - Vaucluse,06 - Alpes-Maritimes,303
84 - Vaucluse,07 - Ard̬che,330
84 - Vaucluse,13 - Bouches-du-Rh̫ne,4138
84 - Vaucluse,26 - Dr̫me,1131
84 - Vaucluse,30 - Gard,1996
84 - Vaucluse,34 - H̩rault,921
84 - Vaucluse,38 - Is̬re,246
84 - Vaucluse,59 - Nord,208
84 - Vaucluse,69 - Rh̫ne,598
84 - Vaucluse,74 - Haute-Savoie,214
84 - Vaucluse,75 - Paris,313
84 - Vaucluse,83 - Var,665
84 - Vaucluse,92 - Hauts-de-Seine,214
85 - Vend̩e,17 - Charente-Maritime,836
85 - Vend̩e,29 - Finist̬re,243
85 - Vend̩e,33 - Gironde,294
85 - Vend̩e,35 - Ille-et-Vilaine,417
85 - Vend̩e,44 - Loire-Atlantique,4159
85 - Vend̩e,49 - Maine-et-Loire,1597
85 - Vend̩e,56 - Morbihan,324
85 - Vend̩e,75 - Paris,369
85 - Vend̩e,78 - Yvelines,220
85 - Vend̩e,79 - Deux-S̬vres,960
85 - Vend̩e,86 - Vienne,369
86 - Vienne,16 - Charente,715
86 - Vienne,17 - Charente-Maritime,1119
86 - Vienne,31 - Haute-Garonne,267
86 - Vienne,33 - Gironde,861
86 - Vienne,35 - Ille-et-Vilaine,208
86 - Vienne,37 - Indre-et-Loire,1006
86 - Vienne,44 - Loire-Atlantique,511
86 - Vienne,45 - Loiret,216
86 - Vienne,49 - Maine-et-Loire,438
86 - Vienne,75 - Paris,437
86 - Vienne,79 - Deux-S̬vres,1252
86 - Vienne,85 - Vend̩e,306
86 - Vienne,87 - Haute-Vienne,396
87 - Haute-Vienne,16 - Charente,442
87 - Haute-Vienne,17 - Charente-Maritime,327
87 - Haute-Vienne,19 - Corr̬ze,945
87 - Haute-Vienne,23 - Creuse,525
87 - Haute-Vienne,24 - Dordogne,408
87 - Haute-Vienne,31 - Haute-Garonne,462
87 - Haute-Vienne,33 - Gironde,583
87 - Haute-Vienne,75 - Paris,260
87 - Haute-Vienne,83 - Var,317
87 - Haute-Vienne,86 - Vienne,240
88 - Vosges,52 - Haute-Marne,231
88 - Vosges,54 - Meurthe-et-Moselle,2987
88 - Vosges,57 - Moselle,510
88 - Vosges,67 - Bas-Rhin,482
88 - Vosges,68 - Haut-Rhin,358
88 - Vosges,70 - Haute-Sa̫ne,235
89 - Yonne,10 - Aube,521
89 - Yonne,21 - C̫te-d'Or,1309
89 - Yonne,45 - Loiret,465
89 - Yonne,58 - Ni̬vre,314
89 - Yonne,69 - Rh̫ne,245
89 - Yonne,71 - Sa̫ne-et-Loire,220
89 - Yonne,75 - Paris,262
89 - Yonne,77 - Seine-et-Marne,609
89 - Yonne,91 - Essonne,294
90 - Territoire de Belfort,25 - Doubs,1575
90 - Territoire de Belfort,67 - Bas-Rhin,208
90 - Territoire de Belfort,68 - Haut-Rhin,641
90 - Territoire de Belfort,70 - Haute-Sa̫ne,863
91 - Essonne,06 - Alpes-Maritimes,338
91 - Essonne,13 - Bouches-du-Rh̫ne,552
91 - Essonne,14 - Calvados,285
91 - Essonne,17 - Charente-Maritime,559
91 - Essonne,18 - Cher,260
91 - Essonne,22 - C̫tes-d'Armor,352
91 - Essonne,24 - Dordogne,276
91 - Essonne,27 - Eure,202
91 - Essonne,28 - Eure-et-Loir,961
91 - Essonne,29 - Finist̬re,434
91 - Essonne,30 - Gard,337
91 - Essonne,31 - Haute-Garonne,804
91 - Essonne,33 - Gironde,1158
91 - Essonne,34 - H̩rault,628
91 - Essonne,35 - Ille-et-Vilaine,527
91 - Essonne,37 - Indre-et-Loire,339
91 - Essonne,38 - Is̬re,350
91 - Essonne,40 - Landes,228
91 - Essonne,41 - Loir-et-Cher,223
91 - Essonne,44 - Loire-Atlantique,752
91 - Essonne,45 - Loiret,1683
91 - Essonne,49 - Maine-et-Loire,354
91 - Essonne,56 - Morbihan,374
91 - Essonne,59 - Nord,456
91 - Essonne,60 - Oise,451
91 - Essonne,63 - Puy-de-D̫me,283
91 - Essonne,64 - Pyr̩n̩es-Atlantiques,260
91 - Essonne,66 - Pyr̩n̩es-Orientales,237
91 - Essonne,67 - Bas-Rhin,222
91 - Essonne,69 - Rh̫ne,503
91 - Essonne,72 - Sarthe,217
91 - Essonne,74 - Haute-Savoie,296
91 - Essonne,75 - Paris,3689
91 - Essonne,76 - Seine-Maritime,442
91 - Essonne,77 - Seine-et-Marne,4753
91 - Essonne,78 - Yvelines,2713
91 - Essonne,83 - Var,583
91 - Essonne,85 - Vend̩e,485
91 - Essonne,89 - Yonne,444
91 - Essonne,92 - Hauts-de-Seine,3599
91 - Essonne,93 - Seine-Saint-Denis,1529
91 - Essonne,94 - Val-de-Marne,4245
91 - Essonne,95 - Val-d'Oise,984
91 - Essonne,971 - Guadeloupe,224
91 - Essonne,974 - La R̩union,262
92 - Hauts-de-Seine,01 - Ain,231
92 - Hauts-de-Seine,06 - Alpes-Maritimes,787
92 - Hauts-de-Seine,13 - Bouches-du-Rh̫ne,1170
92 - Hauts-de-Seine,14 - Calvados,627
92 - Hauts-de-Seine,17 - Charente-Maritime,545
92 - Hauts-de-Seine,21 - C̫te-d'Or,210
92 - Hauts-de-Seine,22 - C̫tes-d'Armor,368
92 - Hauts-de-Seine,24 - Dordogne,345
92 - Hauts-de-Seine,27 - Eure,612
92 - Hauts-de-Seine,28 - Eure-et-Loir,683
92 - Hauts-de-Seine,29 - Finist̬re,484
92 - Hauts-de-Seine,30 - Gard,205
92 - Hauts-de-Seine,31 - Haute-Garonne,1206
92 - Hauts-de-Seine,33 - Gironde,1831
92 - Hauts-de-Seine,34 - H̩rault,598
92 - Hauts-de-Seine,35 - Ille-et-Vilaine,847
92 - Hauts-de-Seine,37 - Indre-et-Loire,535
92 - Hauts-de-Seine,38 - Is̬re,407
92 - Hauts-de-Seine,41 - Loir-et-Cher,342
92 - Hauts-de-Seine,44 - Loire-Atlantique,1396
92 - Hauts-de-Seine,45 - Loiret,606
92 - Hauts-de-Seine,49 - Maine-et-Loire,452
92 - Hauts-de-Seine,50 - Manche,212
92 - Hauts-de-Seine,51 - Marne,295
92 - Hauts-de-Seine,56 - Morbihan,703
92 - Hauts-de-Seine,57 - Moselle,226
92 - Hauts-de-Seine,59 - Nord,1029
92 - Hauts-de-Seine,60 - Oise,882
92 - Hauts-de-Seine,61 - Orne,242
92 - Hauts-de-Seine,62 - Pas-de-Calais,237
92 - Hauts-de-Seine,63 - Puy-de-D̫me,332
92 - Hauts-de-Seine,64 - Pyr̩n̩es-Atlantiques,428
92 - Hauts-de-Seine,66 - Pyr̩n̩es-Orientales,256
92 - Hauts-de-Seine,67 - Bas-Rhin,316
92 - Hauts-de-Seine,69 - Rh̫ne,1621
92 - Hauts-de-Seine,72 - Sarthe,393
92 - Hauts-de-Seine,74 - Haute-Savoie,456
92 - Hauts-de-Seine,75 - Paris,15198
92 - Hauts-de-Seine,76 - Seine-Maritime,837
92 - Hauts-de-Seine,77 - Seine-et-Marne,2139
92 - Hauts-de-Seine,78 - Yvelines,10133
92 - Hauts-de-Seine,80 - Somme,283
92 - Hauts-de-Seine,83 - Var,604
92 - Hauts-de-Seine,84 - Vaucluse,209
92 - Hauts-de-Seine,85 - Vend̩e,399
92 - Hauts-de-Seine,89 - Yonne,259
92 - Hauts-de-Seine,91 - Essonne,5235
92 - Hauts-de-Seine,93 - Seine-Saint-Denis,4395
92 - Hauts-de-Seine,94 - Val-de-Marne,5103
92 - Hauts-de-Seine,95 - Val-d'Oise,5868
92 - Hauts-de-Seine,974 - La R̩union,214
93 - Seine-Saint-Denis,02 - Aisne,655
93 - Seine-Saint-Denis,06 - Alpes-Maritimes,396
93 - Seine-Saint-Denis,13 - Bouches-du-Rh̫ne,710
93 - Seine-Saint-Denis,14 - Calvados,340
93 - Seine-Saint-Denis,17 - Charente-Maritime,349
93 - Seine-Saint-Denis,18 - Cher,224
93 - Seine-Saint-Denis,22 - C̫tes-d'Armor,268
93 - Seine-Saint-Denis,27 - Eure,438
93 - Seine-Saint-Denis,28 - Eure-et-Loir,268
93 - Seine-Saint-Denis,29 - Finist̬re,235
93 - Seine-Saint-Denis,31 - Haute-Garonne,442
93 - Seine-Saint-Denis,33 - Gironde,920
93 - Seine-Saint-Denis,34 - H̩rault,547
93 - Seine-Saint-Denis,35 - Ille-et-Vilaine,350
93 - Seine-Saint-Denis,37 - Indre-et-Loire,334
93 - Seine-Saint-Denis,38 - Is̬re,277
93 - Seine-Saint-Denis,40 - Landes,232
93 - Seine-Saint-Denis,41 - Loir-et-Cher,225
93 - Seine-Saint-Denis,44 - Loire-Atlantique,759
93 - Seine-Saint-Denis,45 - Loiret,578
93 - Seine-Saint-Denis,49 - Maine-et-Loire,323
93 - Seine-Saint-Denis,51 - Marne,242
93 - Seine-Saint-Denis,56 - Morbihan,281
93 - Seine-Saint-Denis,59 - Nord,403
93 - Seine-Saint-Denis,60 - Oise,1855
93 - Seine-Saint-Denis,62 - Pas-de-Calais,223
93 - Seine-Saint-Denis,64 - Pyr̩n̩es-Atlantiques,266
93 - Seine-Saint-Denis,66 - Pyr̩n̩es-Orientales,236
93 - Seine-Saint-Denis,69 - Rh̫ne,620
93 - Seine-Saint-Denis,72 - Sarthe,329
93 - Seine-Saint-Denis,74 - Haute-Savoie,265
93 - Seine-Saint-Denis,75 - Paris,8307
93 - Seine-Saint-Denis,76 - Seine-Maritime,481
93 - Seine-Saint-Denis,77 - Seine-et-Marne,9054
93 - Seine-Saint-Denis,78 - Yvelines,2265
93 - Seine-Saint-Denis,80 - Somme,308
93 - Seine-Saint-Denis,83 - Var,363
93 - Seine-Saint-Denis,85 - Vend̩e,366
93 - Seine-Saint-Denis,86 - Vienne,225
93 - Seine-Saint-Denis,89 - Yonne,328
93 - Seine-Saint-Denis,91 - Essonne,2859
93 - Seine-Saint-Denis,92 - Hauts-de-Seine,4852
93 - Seine-Saint-Denis,94 - Val-de-Marne,6974
93 - Seine-Saint-Denis,95 - Val-d'Oise,7466
93 - Seine-Saint-Denis,971 - Guadeloupe,288
93 - Seine-Saint-Denis,972 - Martinique,215
93 - Seine-Saint-Denis,974 - La R̩union,249
94 - Val-de-Marne,02 - Aisne,249
94 - Val-de-Marne,06 - Alpes-Maritimes,491
94 - Val-de-Marne,13 - Bouches-du-Rh̫ne,595
94 - Val-de-Marne,14 - Calvados,377
94 - Val-de-Marne,17 - Charente-Maritime,429
94 - Val-de-Marne,22 - C̫tes-d'Armor,240
94 - Val-de-Marne,24 - Dordogne,209
94 - Val-de-Marne,27 - Eure,206
94 - Val-de-Marne,28 - Eure-et-Loir,363
94 - Val-de-Marne,29 - Finist̬re,277
94 - Val-de-Marne,30 - Gard,337
94 - Val-de-Marne,31 - Haute-Garonne,540
94 - Val-de-Marne,33 - Gironde,1127
94 - Val-de-Marne,34 - H̩rault,710
94 - Val-de-Marne,35 - Ille-et-Vilaine,517
94 - Val-de-Marne,37 - Indre-et-Loire,308
94 - Val-de-Marne,38 - Is̬re,483
94 - Val-de-Marne,41 - Loir-et-Cher,251
94 - Val-de-Marne,44 - Loire-Atlantique,887
94 - Val-de-Marne,45 - Loiret,709
94 - Val-de-Marne,49 - Maine-et-Loire,407
94 - Val-de-Marne,50 - Manche,205
94 - Val-de-Marne,51 - Marne,226
94 - Val-de-Marne,54 - Meurthe-et-Moselle,214
94 - Val-de-Marne,56 - Morbihan,458
94 - Val-de-Marne,59 - Nord,643
94 - Val-de-Marne,60 - Oise,474
94 - Val-de-Marne,64 - Pyr̩n̩es-Atlantiques,244
94 - Val-de-Marne,67 - Bas-Rhin,291
94 - Val-de-Marne,69 - Rh̫ne,799
94 - Val-de-Marne,72 - Sarthe,203
94 - Val-de-Marne,74 - Haute-Savoie,284
94 - Val-de-Marne,75 - Paris,8687
94 - Val-de-Marne,76 - Seine-Maritime,374
94 - Val-de-Marne,77 - Seine-et-Marne,7103
94 - Val-de-Marne,78 - Yvelines,1965
94 - Val-de-Marne,83 - Var,485
94 - Val-de-Marne,85 - Vend̩e,338
94 - Val-de-Marne,89 - Yonne,384
94 - Val-de-Marne,91 - Essonne,7428
94 - Val-de-Marne,92 - Hauts-de-Seine,4978
94 - Val-de-Marne,93 - Seine-Saint-Denis,5907
94 - Val-de-Marne,95 - Val-d'Oise,1561
94 - Val-de-Marne,971 - Guadeloupe,231
94 - Val-de-Marne,972 - Martinique,216
94 - Val-de-Marne,974 - La R̩union,214
95 - Val-d'Oise,02 - Aisne,226
95 - Val-d'Oise,06 - Alpes-Maritimes,291
95 - Val-d'Oise,13 - Bouches-du-Rh̫ne,437
95 - Val-d'Oise,14 - Calvados,214
95 - Val-d'Oise,17 - Charente-Maritime,445
95 - Val-d'Oise,22 - C̫tes-d'Armor,344
95 - Val-d'Oise,27 - Eure,1014
95 - Val-d'Oise,28 - Eure-et-Loir,212
95 - Val-d'Oise,29 - Finist̬re,300
95 - Val-d'Oise,31 - Haute-Garonne,519
95 - Val-d'Oise,33 - Gironde,931
95 - Val-d'Oise,34 - H̩rault,560
95 - Val-d'Oise,35 - Ille-et-Vilaine,388
95 - Val-d'Oise,37 - Indre-et-Loire,201
95 - Val-d'Oise,38 - Is̬re,244
95 - Val-d'Oise,44 - Loire-Atlantique,532
95 - Val-d'Oise,45 - Loiret,219
95 - Val-d'Oise,49 - Maine-et-Loire,225
95 - Val-d'Oise,50 - Manche,253
95 - Val-d'Oise,56 - Morbihan,317
95 - Val-d'Oise,59 - Nord,579
95 - Val-d'Oise,60 - Oise,4846
95 - Val-d'Oise,62 - Pas-de-Calais,330
95 - Val-d'Oise,64 - Pyr̩n̩es-Atlantiques,201
95 - Val-d'Oise,66 - Pyr̩n̩es-Orientales,275
95 - Val-d'Oise,69 - Rh̫ne,365
95 - Val-d'Oise,74 - Haute-Savoie,285
95 - Val-d'Oise,75 - Paris,3695
95 - Val-d'Oise,76 - Seine-Maritime,533
95 - Val-d'Oise,77 - Seine-et-Marne,1862
95 - Val-d'Oise,78 - Yvelines,4537
95 - Val-d'Oise,80 - Somme,284
95 - Val-d'Oise,83 - Var,356
95 - Val-d'Oise,85 - Vend̩e,403
95 - Val-d'Oise,89 - Yonne,228
95 - Val-d'Oise,91 - Essonne,1142
95 - Val-d'Oise,92 - Hauts-de-Seine,3482
95 - Val-d'Oise,93 - Seine-Saint-Denis,4028
95 - Val-d'Oise,94 - Val-de-Marne,1727
971 - Guadeloupe,31 - Haute-Garonne,331
971 - Guadeloupe,33 - Gironde,294
971 - Guadeloupe,75 - Paris,214
971 - Guadeloupe,77 - Seine-et-Marne,235
971 - Guadeloupe,91 - Essonne,210
971 - Guadeloupe,92 - Hauts-de-Seine,225
971 - Guadeloupe,93 - Seine-Saint-Denis,349
971 - Guadeloupe,94 - Val-de-Marne,304
971 - Guadeloupe,972 - Martinique,325
972 - Martinique,31 - Haute-Garonne,314
972 - Martinique,33 - Gironde,267
972 - Martinique,34 - H̩rault,209
972 - Martinique,69 - Rh̫ne,234
972 - Martinique,91 - Essonne,228
972 - Martinique,93 - Seine-Saint-Denis,229
972 - Martinique,971 - Guadeloupe,359
972 - Martinique,973 - Guyane,291
973 - Guyane,31 - Haute-Garonne,293
973 - Guyane,33 - Gironde,260
974 - La R̩union,13 - Bouches-du-Rh̫ne,291
974 - La R̩union,29 - Finist̬re,247
974 - La R̩union,31 - Haute-Garonne,642
974 - La R̩union,33 - Gironde,586
974 - La R̩union,34 - H̩rault,526
974 - La R̩union,35 - Ille-et-Vilaine,206
974 - La R̩union,38 - Is̬re,206
974 - La R̩union,44 - Loire-Atlantique,262
974 - La R̩union,69 - Rh̫ne,503
974 - La R̩union,75 - Paris,329
974 - La R̩union,83 - Var,281